EVENT,DATE,LOCATION
ufc fight night: covington vs. buckley,12-14-24,"tampa, florida, usa"
ufc 310: pantoja vs. asakura,12-07-24,"las vegas, nevada, usa"
ufc fight night: yan vs. figueiredo,11-23-24,"macau, china"
ufc 309: jones vs. miocic,11-16-24,"new york city, new york, usa"
ufc fight night: magny vs. prates,11-09-24,"las vegas, nevada, usa"
ufc fight night: moreno vs. albazi,11-02-24,"edmonton, alberta, canada"
ufc 308: topuria vs. holloway,10-26-24,"abu dhabi, abu dhabi, united arab emirates"
ufc fight night: hernandez vs. pereira,10-19-24,"las vegas, nevada, usa"
ufc fight night: royval vs. taira,10-12-24,"las vegas, nevada, usa"
ufc 307: pereira vs. rountree jr.,10-05-24,"salt lake city, utah, usa"
ufc fight night: moicano vs. saint denis,09-28-24,"paris, ile-de-france, france"
ufc 306: riyadh season noche ufc,09-14-24,"las vegas, nevada, usa"
ufc fight night: burns vs. brady,09-07-24,"las vegas, nevada, usa"
ufc fight night: cannonier vs. borralho,08-24-24,"las vegas, nevada, usa"
ufc 305: du plessis vs. adesanya,08-17-24,"perth, western australia, australia"
ufc fight night: tybura vs. spivac 2,08-10-24,"las vegas, nevada, usa"
ufc fight night: sandhagen vs. nurmagomedov,08-03-24,"abu dhabi, abu dhabi, united arab emirates"
ufc 304: edwards vs. muhammad 2,07-27-24,"manchester, england, united kingdom"
ufc fight night: lemos vs. jandiroba,07-20-24,"las vegas, nevada, usa"
ufc fight night: namajunas vs. cortez,07-13-24,"denver, colorado, usa"
ufc 303: pereira vs. prochazka 2,06-29-24,"las vegas, nevada, usa"
ufc fight night: whittaker vs. aliskerov,06-22-24,"riyadh, riyadh, saudi arabia"
ufc fight night: perez vs. taira,06-15-24,"las vegas, nevada, usa"
ufc fight night: cannonier vs. imavov,06-08-24,"louisville, kentucky, usa"
ufc 302: makhachev vs. poirier,06-01-24,"newark, new jersey, usa"
ufc fight night: barboza vs. murphy,05-18-24,"las vegas, nevada, usa"
ufc fight night: lewis vs. nascimento,05-11-24,"st. louis, missouri, usa"
ufc 301: pantoja vs. erceg,05-04-24,"rio de janeiro, rio de janeiro, brazil"
ufc fight night: nicolau vs. perez,04-27-24,"las vegas, nevada, usa"
ufc 300: pereira vs. hill,04-13-24,"las vegas, nevada, usa"
ufc fight night: allen vs. curtis 2,04-06-24,"las vegas, nevada, usa"
ufc fight night: blanchfield vs. fiorot,03-30-24,"atlantic city, new jersey, usa"
ufc fight night: ribas vs. namajunas,03-23-24,"las vegas, nevada, usa"
ufc fight night: tuivasa vs. tybura,03-16-24,"las vegas, nevada, usa"
ufc 299: o'malley vs. vera 2,03-09-24,"miami, florida, usa"
ufc fight night: rozenstruik vs. gaziev,03-02-24,"las vegas, nevada, usa"
ufc fight night: moreno vs. royval 2,02-24-24,"mexico city, distrito federal, mexico"
ufc 298: volkanovski vs. topuria,02-17-24,"anaheim, california, usa"
ufc fight night: hermansson vs. pyfer,02-10-24,"las vegas, nevada, usa"
ufc fight night: dolidze vs. imavov,02-03-24,"las vegas, nevada, usa"
ufc 297: strickland vs. du plessis,01-20-24,"toronto, ontario, canada"
ufc fight night: ankalaev vs. walker 2,01-13-24,"las vegas, nevada, usa"
ufc 296: edwards vs. covington,12-16-23,"las vegas, nevada, usa"
ufc fight night: song vs. gutierrez,12-09-23,"las vegas, nevada, usa"
ufc fight night: dariush vs. tsarukyan,12-02-23,"austin, texas, usa"
ufc fight night: allen vs. craig,11-18-23,"las vegas, nevada, usa"
ufc 295: prochazka vs. pereira,11-11-23,"new york city, new york, usa"
ufc fight night: almeida vs. lewis,11-04-23,"sao paulo, sao paulo, brazil"
ufc 294: makhachev vs. volkanovski 2,10-21-23,"abu dhabi, abu dhabi, united arab emirates"
ufc fight night: yusuff vs. barboza,10-14-23,"las vegas, nevada, usa"
ufc fight night: dawson vs. green,10-07-23,"las vegas, nevada, usa"
ufc fight night: fiziev vs. gamrot,09-23-23,"las vegas, nevada, usa"
ufc fight night: grasso vs. shevchenko 2,09-16-23,"las vegas, nevada, usa"
ufc 293: adesanya vs. strickland,09-09-23,"sydney, new south wales, australia"
ufc fight night: gane vs. spivac,09-02-23,"paris, ile-de-france, france"
ufc fight night: holloway vs. the korean zombie,08-26-23,"kallang, singapore"
ufc 292: sterling vs. o'malley,08-19-23,"boston, massachusetts, usa"
ufc fight night: luque vs. dos anjos,08-12-23,"las vegas, nevada, usa"
ufc fight night: sandhagen vs. font,08-05-23,"nashville, tennessee, usa"
ufc 291: poirier vs. gaethje 2,07-29-23,"salt lake city, utah, usa"
ufc fight night: aspinall vs. tybura,07-22-23,"london, england, united kingdom"
ufc fight night: holm vs. bueno silva,07-15-23,"las vegas, nevada, usa"
ufc 290: volkanovski vs. rodriguez,07-08-23,"las vegas, nevada, usa"
ufc fight night: strickland vs. magomedov,07-01-23,"las vegas, nevada, usa"
ufc fight night: emmett vs. topuria,06-24-23,"jacksonville, florida, usa"
ufc fight night: vettori vs. cannonier,06-17-23,"las vegas, nevada, usa"
ufc 289: nunes vs. aldana,06-10-23,"vancouver, british columbia, canada"
ufc fight night: kara-france vs. albazi,06-03-23,"las vegas, nevada, usa"
ufc fight night: dern vs. hill,05-20-23,"las vegas, nevada, usa"
ufc fight night: rozenstruik vs. almeida,05-13-23,"charlotte, north carolina, usa"
ufc 288: sterling vs. cejudo,05-06-23,"newark, new jersey, usa"
ufc fight night: song vs. simon,04-29-23,"las vegas, nevada, usa"
ufc fight night: pavlovich vs. blaydes,04-22-23,"las vegas, nevada, usa"
ufc fight night: holloway vs. allen,04-15-23,"kansas city, missouri, usa"
ufc 287: pereira vs. adesanya 2,04-08-23,"miami, florida, usa"
ufc fight night: vera vs. sandhagen,03-25-23,"san antonio, texas, usa"
ufc 286: edwards vs. usman 3,03-18-23,"london, england, united kingdom"
ufc fight night: yan vs. dvalishvili,03-11-23,"las vegas, nevada, usa"
ufc 285: jones vs. gane,03-04-23,"las vegas, nevada, usa"
ufc fight night: muniz vs. allen,02-25-23,"las vegas, nevada, usa"
ufc fight night: andrade vs. blanchfield,02-18-23,"las vegas, nevada, usa"
ufc 284: makhachev vs. volkanovski,02-11-23,"perth, western australia, australia"
ufc fight night: lewis vs. spivac,02-04-23,"las vegas, nevada, usa"
ufc 283: teixeira vs. hill,01-21-23,"rio de janeiro, rio de janeiro, brazil"
ufc fight night: strickland vs. imavov,01-14-23,"las vegas, nevada, usa"
ufc fight night: cannonier vs. strickland,12-17-22,"las vegas, nevada, usa"
ufc 282: blachowicz vs. ankalaev,12-10-22,"las vegas, nevada, usa"
ufc fight night: thompson vs. holland,12-03-22,"orlando, florida, usa"
ufc fight night: nzechukwu vs. cutelaba,11-19-22,"las vegas, nevada, usa"
ufc 281: adesanya vs. pereira,11-12-22,"new york city, new york, usa"
ufc fight night: rodriguez vs. lemos,11-05-22,"las vegas, nevada, usa"
ufc fight night: kattar vs. allen,10-29-22,"las vegas, nevada, usa"
ufc 280: oliveira vs. makhachev,10-22-22,"abu dhabi, abu dhabi, united arab emirates"
ufc fight night: grasso vs. araujo,10-15-22,"las vegas, nevada, usa"
ufc fight night: dern vs. yan,10-01-22,"las vegas, nevada, usa"
ufc fight night: sandhagen vs. song,09-17-22,"las vegas, nevada, usa"
ufc 279: diaz vs. ferguson,09-10-22,"las vegas, nevada, usa"
ufc fight night: gane vs. tuivasa,09-03-22,"paris, ile-de-france, france"
ufc 278: usman vs. edwards,08-20-22,"salt lake city, utah, usa"
ufc fight night: vera vs. cruz,08-13-22,"san diego, california, usa"
ufc fight night: santos vs. hill,08-06-22,"las vegas, nevada, usa"
ufc 277: pena vs. nunes 2,07-30-22,"dallas, texas, usa"
ufc fight night: blaydes vs. aspinall,07-23-22,"london, england, united kingdom"
ufc fight night: ortega vs. rodriguez,07-16-22,"elmont, new york, usa"
ufc fight night: dos anjos vs. fiziev,07-09-22,"las vegas, nevada, usa"
ufc 276: adesanya vs. cannonier,07-02-22,"las vegas, nevada, usa"
ufc fight night: tsarukyan vs. gamrot,06-25-22,"las vegas, nevada, usa"
ufc fight night: kattar vs. emmett,06-18-22,"austin, texas, usa"
ufc 275: teixeira vs. prochazka,06-11-22,"kallang, singapore"
ufc fight night: volkov vs. rozenstruik,06-04-22,"las vegas, nevada, usa"
ufc fight night: holm vs. vieira,05-21-22,"las vegas, nevada, usa"
ufc fight night: blachowicz vs. rakic,05-14-22,"las vegas, nevada, usa"
ufc 274: oliveira vs. gaethje,05-07-22,"phoenix, arizona, usa"
ufc fight night: font vs. vera,04-30-22,"las vegas, nevada, usa"
ufc fight night: lemos vs. andrade,04-23-22,"las vegas, nevada, usa"
ufc fight night: luque vs. muhammad,04-16-22,"las vegas, nevada, usa"
ufc 273: volkanovski vs. the korean zombie,04-09-22,"jacksonville, florida, usa"
ufc fight night: blaydes vs. daukaus,03-26-22,"columbus, ohio, usa"
ufc fight night: volkov vs. aspinall,03-19-22,"london, england, united kingdom"
ufc fight night: santos vs. ankalaev,03-12-22,"las vegas, nevada, usa"
ufc 272: covington vs. masvidal,03-05-22,"las vegas, nevada, usa"
ufc fight night: makhachev vs. green,02-26-22,"las vegas, nevada, usa"
ufc fight night: walker vs. hill,02-19-22,"las vegas, nevada, usa"
ufc 271: adesanya vs. whittaker 2,02-12-22,"houston, texas, usa"
ufc fight night: hermansson vs. strickland,02-05-22,"las vegas, nevada, usa"
ufc 270: ngannou vs. gane,01-22-22,"anaheim, california, usa"
ufc fight night: kattar vs. chikadze,01-15-22,"las vegas, nevada, usa"
ufc fight night: lewis vs. daukaus,12-18-21,"las vegas, nevada, usa"
ufc 269: oliveira vs. poirier,12-11-21,"las vegas, nevada, usa"
ufc fight night: font vs. aldo,12-04-21,"las vegas, nevada, usa"
ufc fight night: vieira vs. tate,11-20-21,"las vegas, nevada, usa"
ufc fight night: holloway vs. rodriguez,11-13-21,"las vegas, nevada, usa"
ufc 268: usman vs. covington 2,11-06-21,"new york city, new york, usa"
ufc 267: blachowicz vs. teixeira,10-30-21,"abu dhabi, abu dhabi, united arab emirates"
ufc fight night: costa vs. vettori,10-23-21,"las vegas, nevada, usa"
ufc fight night: ladd vs. dumont,10-16-21,"las vegas, nevada, usa"
ufc fight night: dern vs. rodriguez,10-09-21,"las vegas, nevada, usa"
ufc fight night: santos vs. walker,10-02-21,"las vegas, nevada, usa"
ufc 266: volkanovski vs. ortega,09-25-21,"las vegas, nevada, usa"
ufc fight night: smith vs. spann,09-18-21,"las vegas, nevada, usa"
ufc fight night: brunson vs. till,09-04-21,"las vegas, nevada, usa"
ufc fight night: barboza vs. chikadze,08-28-21,"las vegas, nevada, usa"
ufc fight night: cannonier vs. gastelum,08-21-21,"las vegas, nevada, usa"
ufc 265: lewis vs. gane,08-07-21,"houston, texas, usa"
ufc fight night: hall vs. strickland,07-31-21,"las vegas, nevada, usa"
ufc fight night: sandhagen vs. dillashaw,07-24-21,"las vegas, nevada, usa"
ufc fight night: makhachev vs. moises,07-17-21,"las vegas, nevada, usa"
ufc 264: poirier vs. mcgregor 3,07-10-21,"las vegas, nevada, usa"
ufc fight night: gane vs. volkov,06-26-21,"las vegas, nevada, usa"
ufc fight night: jung vs. ige,06-19-21,"las vegas, nevada, usa"
ufc 263: adesanya vs. vettori 2,06-12-21,"glendale, arizona, usa"
ufc fight night: rozenstruik vs. sakai,06-05-21,"las vegas, nevada, usa"
ufc fight night: font vs. garbrandt,05-22-21,"las vegas, nevada, usa"
ufc 262: oliveira vs. chandler,05-15-21,"houston, texas, usa"
ufc fight night: rodriguez vs. waterson,05-08-21,"las vegas, nevada, usa"
ufc fight night: reyes vs. prochazka,05-01-21,"las vegas, nevada, usa"
ufc 261: usman vs. masvidal 2,04-24-21,"jacksonville, florida, usa"
ufc fight night: whittaker vs. gastelum,04-17-21,"las vegas, nevada, usa"
ufc fight night: vettori vs. holland,04-10-21,"las vegas, nevada, usa"
ufc 260: miocic vs. ngannou,03-27-21,"las vegas, nevada, usa"
ufc fight night: brunson vs. holland,03-20-21,"las vegas, nevada, usa"
ufc fight night: edwards vs. muhammad,03-13-21,"las vegas, nevada, usa"
ufc 259: blachowicz vs. adesanya,03-06-21,"las vegas, nevada, usa"
ufc fight night: rozenstruik vs. gane,02-27-21,"las vegas, nevada, usa"
ufc fight night: blaydes vs. lewis,02-20-21,"las vegas, nevada, usa"
ufc 258: usman vs. burns,02-13-21,"las vegas, nevada, usa"
ufc fight night: overeem vs. volkov,02-06-21,"las vegas, nevada, usa"
ufc 257: poirier vs. mcgregor,01-23-21,"abu dhabi, abu dhabi, united arab emirates"
ufc fight night: chiesa vs. magny,01-20-21,"abu dhabi, abu dhabi, united arab emirates"
ufc fight night: holloway vs. kattar,01-16-21,"abu dhabi, abu dhabi, united arab emirates"
ufc fight night: thompson vs. neal,12-19-20,"las vegas, nevada, usa"
ufc 256: figueiredo vs. moreno,12-12-20,"las vegas, nevada, usa"
ufc fight night: hermansson vs. vettori,12-05-20,"las vegas, nevada, usa"
ufc fight night: smith vs. clark,11-28-20,"las vegas, nevada, usa"
ufc 255: figueiredo vs. perez,11-21-20,"las vegas, nevada, usa"
ufc fight night: felder vs. dos anjos,11-14-20,"las vegas, nevada, usa"
ufc fight night: santos vs. teixeira,11-07-20,"las vegas, nevada, usa"
ufc fight night: hall vs. silva,10-31-20,"las vegas, nevada, usa"
ufc 254: khabib vs. gaethje,10-24-20,"abu dhabi, abu dhabi, united arab emirates"
ufc fight night: ortega vs. the korean zombie,10-17-20,"abu dhabi, abu dhabi, united arab emirates"
ufc fight night: moraes vs. sandhagen,10-10-20,"abu dhabi, abu dhabi, united arab emirates"
ufc fight night: holm vs. aldana,10-03-20,"abu dhabi, abu dhabi, united arab emirates"
ufc 253: adesanya vs. costa,09-26-20,"abu dhabi, abu dhabi, united arab emirates"
ufc fight night: covington vs. woodley,09-19-20,"las vegas, nevada, usa"
ufc fight night: waterson vs. hill,09-12-20,"las vegas, nevada, usa"
ufc fight night: overeem vs. sakai,09-05-20,"las vegas, nevada, usa"
ufc fight night: smith vs. rakic,08-29-20,"las vegas, nevada, usa"
ufc fight night: munhoz vs. edgar,08-22-20,"las vegas, nevada, usa"
ufc 252: miocic vs. cormier 3,08-15-20,"las vegas, nevada, usa"
ufc fight night: lewis vs. oleinik,08-08-20,"las vegas, nevada, usa"
ufc fight night: brunson vs. shahbazyan,08-01-20,"las vegas, nevada, usa"
ufc fight night: whittaker vs. till,07-25-20,"abu dhabi, abu dhabi, united arab emirates"
ufc fight night: figueiredo vs. benavidez 2,07-18-20,"abu dhabi, abu dhabi, united arab emirates"
ufc fight night: kattar vs. ige,07-15-20,"abu dhabi, abu dhabi, united arab emirates"
ufc 251: usman vs. masvidal,07-11-20,"abu dhabi, abu dhabi, united arab emirates"
ufc fight night: poirier vs. hooker,06-27-20,"las vegas, nevada, usa"
ufc fight night: blaydes vs. volkov,06-20-20,"las vegas, nevada, usa"
ufc fight night: eye vs. calvillo,06-13-20,"las vegas, nevada, usa"
ufc 250: nunes vs. spencer,06-06-20,"las vegas, nevada, usa"
ufc fight night: woodley vs. burns,05-30-20,"las vegas, nevada, usa"
ufc fight night: overeem vs. harris,05-16-20,"jacksonville, florida, usa"
ufc fight night: smith vs. teixeira,05-13-20,"jacksonville, florida, usa"
ufc 249: ferguson vs. gaethje,05-09-20,"jacksonville, florida, usa"
ufc fight night: lee vs. oliveira,03-14-20,"brasilia, distrito federal, brazil"
ufc 248: adesanya vs. romero,03-07-20,"las vegas, nevada, usa"
ufc fight night: benavidez vs. figueiredo,02-29-20,"norfolk, virginia, usa"
ufc fight night: felder vs. hooker,02-22-20,"auckland, new zealand"
ufc fight night: anderson vs. blachowicz,02-15-20,"rio rancho, new mexico, usa"
ufc 247: jones vs. reyes,02-08-20,"houston, texas, usa"
ufc fight night: blaydes vs. dos santos,01-25-20,"raleigh, north carolina, usa"
ufc 246: mcgregor vs. cowboy,01-18-20,"las vegas, nevada, usa"
ufc fight night: edgar vs. the korean zombie,12-21-19,"busan, south korea"
ufc 245: usman vs. covington,12-14-19,"las vegas, nevada, usa"
ufc fight night: overeem vs. rozenstruik,12-07-19,"washington, dc, usa"
ufc fight night: blachowicz vs. jacare,11-16-19,"sao paulo, sao paulo, brazil"
ufc fight night: zabit vs. kattar,11-09-19,"moscow, moscow, russia"
ufc 244: masvidal vs. diaz,11-02-19,"new york city, new york, usa"
ufc fight night: maia vs. askren,10-26-19,"kallang, singapore"
ufc fight night: reyes vs. weidman,10-18-19,"boston, massachusetts, usa"
ufc fight night: joanna vs. waterson,10-12-19,"tampa, florida, usa"
ufc 243: whittaker vs. adesanya,10-05-19,"melbourne, victoria, australia"
ufc fight night: hermansson vs. cannonier,09-28-19,"copenhagen, denmark"
ufc fight night: rodriguez vs. stephens,09-21-19,"mexico city, distrito federal, mexico"
ufc fight night: cowboy vs. gaethje,09-14-19,"vancouver, british columbia, canada"
ufc 242: khabib vs. poirier,09-07-19,"abu dhabi, abu dhabi, united arab emirates"
ufc fight night: andrade vs. zhang,08-31-19,"shenzhen, guangdong, china"
ufc 241: cormier vs. miocic 2,08-17-19,"anaheim, california, usa"
ufc fight night: shevchenko vs. carmouche 2,08-10-19,"montevideo, uruguay"
ufc fight night: covington vs. lawler,08-03-19,"newark, new jersey, usa"
ufc 240: holloway vs. edgar,07-27-19,"edmonton, alberta, canada"
ufc fight night: dos anjos vs. edwards,07-20-19,"san antonio, texas, usa"
ufc fight night: de randamie vs. ladd,07-13-19,"sacramento, california, usa"
ufc 239: jones vs. santos,07-06-19,"las vegas, nevada, usa"
ufc fight night: ngannou vs. dos santos,06-29-19,"minneapolis, minnesota, usa"
ufc fight night: moicano vs. the korean zombie,06-22-19,"greenville, south carolina, usa"
ufc 238: cejudo vs. moraes,06-08-19,"chicago, illinois, usa"
ufc fight night: gustafsson vs. smith,06-01-19,"stockholm, sweden"
ufc fight night: dos anjos vs. lee,05-18-19,"rochester, new york, usa"
ufc 237: namajunas vs. andrade,05-11-19,"rio de janeiro, rio de janeiro, brazil"
ufc fight night: iaquinta vs. cowboy,05-04-19,"ottawa, ontario, canada"
ufc fight night: jacare vs. hermansson,04-27-19,"sunrise, florida, usa"
ufc fight night: overeem vs. oleinik,04-20-19,"saint petersburg, saint petersburg, russia"
ufc 236: holloway vs. poirier 2,04-13-19,"atlanta, georgia, usa"
ufc fight night: barboza vs. gaethje,03-30-19,"philadelphia, pennsylvania, usa"
ufc fight night: thompson vs. pettis,03-23-19,"nashville, tennessee, usa"
ufc fight night: till vs. masvidal,03-16-19,"london, england, united kingdom"
ufc fight night: lewis vs. dos santos,03-09-19,"wichita, kansas, usa"
ufc 235: jones vs. smith,03-02-19,"las vegas, nevada, usa"
ufc fight night: blachowicz vs. santos,02-23-19,"prague, czech republic"
ufc fight night: ngannou vs. velasquez,02-17-19,"phoenix, arizona, usa"
ufc 234: adesanya vs. silva,02-09-19,"melbourne, victoria, australia"
ufc fight night: assuncao vs. moraes 2,02-02-19,"fortaleza, ceara, brazil"
ufc fight night: cejudo vs. dillashaw,01-19-19,"brooklyn, new york, usa"
ufc 232: jones vs. gustafsson 2,12-29-18,"los angeles, california, usa"
ufc fight night: lee vs. iaquinta,12-15-18,"milwaukee, wisconsin, usa"
ufc 231: holloway vs. ortega,12-08-18,"toronto, ontario, canada"
ufc fight night: dos santos vs. tuivasa,12-01-18,"adelaide, south australia, australia"
the ultimate fighter: heavy hitters finale,11-30-18,"las vegas, nevada, usa"
ufc fight night: blaydes vs. ngannou 2,11-24-18,"beijing, china"
ufc fight night: magny vs. ponzinibbio,11-17-18,"buenos aires, buenos aires, argentina"
ufc fight night: korean zombie vs. rodriguez,11-10-18,"denver, colorado, usa"
ufc 230: cormier vs. lewis,11-03-18,"new york city, new york, usa"
ufc fight night: oezdemir vs. smith,10-27-18,"moncton, new brunswick, canada"
ufc 229: khabib vs. mcgregor,10-06-18,"las vegas, nevada, usa"
ufc fight night: marreta vs. anders,09-22-18,"sao paulo, sao paulo, brazil"
ufc fight night: hunt vs. oleinik,09-15-18,"moscow, moscow, russia"
ufc 228: woodley vs. till,09-08-18,"dallas, texas, usa"
ufc fight night: gaethje vs. vick,08-25-18,"lincoln, nebraska, usa"
ufc 227: dillashaw vs. garbrandt 2,08-04-18,"los angeles, california, usa"
ufc fight night: alvarez vs. poirier 2,07-28-18,"calgary, alberta, canada"
ufc fight night: shogun vs. smith,07-22-18,"hamburg, hamburg, germany"
ufc fight night: dos santos vs. ivanov,07-14-18,"boise, idaho, usa"
ufc 226: miocic vs. cormier,07-07-18,"las vegas, nevada, usa"
the ultimate fighter: undefeated finale,07-06-18,"las vegas, nevada, usa"
ufc fight night: cowboy vs. edwards,06-23-18,"kallang, singapore"
ufc 225: whittaker vs. romero 2,06-09-18,"chicago, illinois, usa"
ufc fight night: rivera vs. moraes,06-01-18,"utica, new york, usa"
ufc fight night: thompson vs. till,05-27-18,"liverpool, england, united kingdom"
ufc fight night: maia vs. usman,05-19-18,"santiago, chile"
ufc 224: nunes vs. pennington,05-12-18,"rio de janeiro, rio de janeiro, brazil"
ufc fight night: barboza vs. lee,04-21-18,"atlantic city, new jersey, usa"
ufc fight night: poirier vs. gaethje,04-14-18,"glendale, arizona, usa"
ufc 223: khabib vs. iaquinta,04-07-18,"brooklyn, new york, usa"
ufc fight night: werdum vs. volkov,03-17-18,"london, england, united kingdom"
ufc 222: cyborg vs. kunitskaya,03-03-18,"las vegas, nevada, usa"
ufc fight night: emmett vs. stephens,02-24-18,"orlando, florida, usa"
ufc fight night: cerrone vs. medeiros,02-18-18,"austin, texas, usa"
ufc 221: romero vs. rockhold,02-10-18,"perth, western australia, australia"
ufc fight night: machida vs. anders,02-03-18,"belem, para, brazil"
ufc fight night: jacare vs. brunson 2,01-27-18,"charlotte, north carolina, usa"
ufc 220: miocic vs. ngannou,01-20-18,"boston, massachusetts, usa"
ufc fight night: stephens vs. choi,01-14-18,"st. louis, missouri, usa"
ufc 219: cyborg vs. holm,12-30-17,"las vegas, nevada, usa"
ufc fight night: lawler vs. dos anjos,12-16-17,"winnipeg, manitoba, canada"
ufc fight night: swanson vs. ortega,12-09-17,"fresno, california, usa"
ufc 218: holloway vs. aldo 2,12-02-17,"detroit, michigan, usa"
the ultimate fighter: a new world champion finale,12-01-17,"las vegas, nevada, usa"
ufc fight night: bisping vs. gastelum,11-25-17,"shanghai, hebei, china"
ufc fight night: werdum vs. tybura,11-18-17,"sydney, new south wales, australia"
ufc fight night: poirier vs. pettis,11-11-17,"norfolk, virginia, usa"
ufc 217: bisping vs. st-pierre,11-04-17,"new york city, new york, usa"
ufc fight night: brunson vs. machida,10-28-17,"sao paulo, sao paulo, brazil"
ufc fight night: cerrone vs. till,10-21-17,"gdansk, poland"
ufc 216: ferguson vs. lee,10-07-17,"las vegas, nevada, usa"
ufc fight night: saint preux vs. okami,09-22-17,"saitama, saitama, japan"
ufc fight night: rockhold vs. branch,09-16-17,"pittsburgh, pennsylvania, usa"
ufc 215: nunes vs shevchenko 2,09-09-17,"edmonton, alberta, canada"
ufc fight night: volkov vs. struve,09-02-17,"rotterdam, zuid-holland, netherlands"
ufc fight night: pettis vs. moreno,08-05-17,"mexico city, distrito federal, mexico"
ufc 214: cormier vs. jones 2,07-29-17,"anaheim, california, usa"
ufc fight night: weidman vs. gastelum,07-22-17,"uniondale, new york, usa"
ufc fight night: nelson vs. ponzinibbio,07-16-17,"glasgow, scotland, united kingdom"
ufc 213: romero vs. whittaker,07-08-17,"las vegas, nevada, usa"
the ultimate fighter: redemption finale,07-07-17,"las vegas, nevada, usa"
ufc fight night: chiesa vs. lee,06-25-17,"oklahoma city, oklahoma, usa"
ufc fight night: holm vs. correia,06-17-17,"kallang, singapore"
ufc fight night: lewis vs. hunt,06-10-17,"auckland, new zealand"
ufc 212: aldo vs. holloway,06-03-17,"rio de janeiro, rio de janeiro, brazil"
ufc fight night: gustafsson vs. teixeira,05-28-17,"stockholm, sweden"
ufc 211: miocic vs. dos santos,05-13-17,"dallas, texas, usa"
ufc fight night: swanson vs. lobov,04-22-17,"nashville, tennessee, usa"
ufc on fox: johnson vs. reis,04-15-17,"kansas city, missouri, usa"
ufc 210: cormier vs. johnson 2,04-08-17,"buffalo, new york, usa"
ufc fight night: manuwa vs. anderson,03-18-17,"london, england, united kingdom"
ufc fight night: belfort vs. gastelum,03-11-17,"fortaleza, ceara, brazil"
ufc 209: woodley vs. thompson 2,03-04-17,"las vegas, nevada, usa"
ufc fight night: lewis vs. browne,02-19-17,"halifax, nova scotia, canada"
ufc 208: holm vs. de randamie,02-11-17,"brooklyn, new york, usa"
ufc fight night: bermudez vs. the korean zombie,02-04-17,"houston, texas, usa"
ufc on fox: shevchenko vs. pena,01-28-17,"denver, colorado, usa"
ufc fight night: rodriguez vs. penn,01-15-17,"phoenix, arizona, usa"
ufc 207: nunes vs. rousey,12-30-16,"las vegas, nevada, usa"
ufc on fox: vanzant vs. waterson,12-17-16,"sacramento, california, usa"
ufc 206: holloway vs. pettis,12-10-16,"toronto, ontario, canada"
ufc fight night: lewis vs. abdurakhimov,12-09-16,"albany, new york, usa"
the ultimate fighter: tournament of champions finale,12-03-16,"las vegas, nevada, usa"
ufc fight night: whittaker vs. brunson,11-26-16,"melbourne, victoria, australia"
ufc fight night: bader vs. nogueira,11-19-16,"sao paulo, sao paulo, brazil"
ufc fight night: mousasi vs. hall 2,11-19-16,"belfast, northern ireland, united kingdom"
ufc 205: alvarez vs mcgregor,11-12-16,"new york city, new york, usa"
ufc fight night: dos anjos vs. ferguson,11-05-16,"mexico city, distrito federal, mexico"
ufc 204: bisping vs. henderson,10-08-16,"manchester, england, united kingdom"
ufc fight night: lineker vs. dodson,10-01-16,"portland, oregon, usa"
ufc fight night: cyborg vs. lansberg,09-24-16,"brasilia, distrito federal, brazil"
ufc fight night: poirier vs. johnson,09-17-16,"hidalgo, texas, usa"
ufc 203: miocic vs. overeem,09-10-16,"cleveland, ohio, usa"
ufc fight night: arlovski vs. barnett,09-03-16,"hamburg, hamburg, germany"
ufc on fox: maia vs. condit,08-27-16,"vancouver, british columbia, canada"
ufc 202: diaz vs. mcgregor 2,08-20-16,"las vegas, nevada, usa"
ufc fight night: rodriguez vs. caceres,08-06-16,"salt lake city, utah, usa"
ufc 201: lawler vs. woodley,07-30-16,"atlanta, georgia, usa"
ufc on fox: holm vs. shevchenko,07-23-16,"chicago, illinois, usa"
ufc fight night: mcdonald vs. lineker,07-13-16,"sioux falls, south dakota, usa"
ufc 200: tate vs nunes,07-09-16,"las vegas, nevada, usa"
the ultimate fighter: team joanna vs. team cláudia finale,07-08-16,"las vegas, nevada, usa"
ufc fight night: dos anjos vs. alvarez,07-07-16,"las vegas, nevada, usa"
ufc fight night: macdonald vs thompson,06-18-16,"ottawa, ontario, canada"
ufc 199: rockhold vs. bisping 2,06-04-16,"los angeles, california, usa"
ufc fight night: almeida vs garbrandt,05-29-16,"las vegas, nevada, usa"
ufc 198: werdum vs miocic,05-14-16,"curitiba, parana, brazil"
ufc fight night: overeem vs arlovski,05-08-16,"rotterdam, zuid-holland, netherlands"
ufc 197: jones vs saint preux,04-23-16,"las vegas, nevada, usa"
ufc on fox: teixeira vs evans,04-16-16,"tampa, florida, usa"
ufc fight night: rothwell vs dos santos,04-10-16,"zagreb, croatia"
ufc fight night: hunt vs mir,03-19-16,"brisbane, queensland, australia"
ufc 196: mcgregor vs diaz,03-05-16,"las vegas, nevada, usa"
ufc fight night: silva vs bisping,02-27-16,"london, england, united kingdom"
ufc fight night: cowboy vs cowboy,02-21-16,"pittsburgh, pennsylvania, usa"
ufc fight night: hendricks vs thompson,02-06-16,"las vegas, nevada, usa"
ufc on fox: johnson vs. bader,01-30-16,"newark, new jersey, usa"
ufc fight night: dillashaw vs cruz,01-17-16,"boston, massachusetts, usa"
ufc 195: lawler vs condit,01-02-16,"las vegas, nevada, usa"
ufc on fox: dos anjos vs. cowboy 2,12-19-15,"orlando, florida, usa"
ufc 194: aldo vs mcgregor,12-12-15,"las vegas, nevada, usa"
the ultimate fighter: team mcgregor vs. team faber finale,12-11-15,"las vegas, nevada, usa"
ufc fight night: namajunas vs. vanzant,12-10-15,"las vegas, nevada, usa"
ufc fight night: henderson vs masvidal,11-28-15,"seoul, south korea"
ufc fight night: magny vs gastelum,11-21-15,"monterrey, nuevo leon, mexico"
ufc 193: rousey vs holm,11-14-15,"melbourne, victoria, australia"
ufc fight night: belfort vs henderson 3,11-07-15,"sao paulo, sao paulo, brazil"
ufc fight night: holohan vs smolka,10-24-15,"dublin, leinster, ireland"
ufc 192: cormier vs gustafsson,10-03-15,"houston, texas, usa"
ufc fight night: barnett vs nelson,09-26-15,"saitama, japan"
ufc 191: johnson vs dodson 2,09-05-15,"las vegas, nevada, usa"
ufc fight night: holloway vs oliveira,08-23-15,"saskatoon, saskatchewan, canada"
ufc fight night: teixeira vs saint preux,08-08-15,"nashville, tennessee, usa"
ufc 190: rousey vs correia,08-01-15,"rio de janeiro, rio de janeiro, brazil"
ufc on fox: dillashaw vs. barao ii,07-25-15,"chicago, illinois, usa"
ufc fight night: bisping vs leites,07-18-15,"glasgow, scotland, united kingdom"
ufc fight night: mir vs duffee,07-15-15,"san diego, california, usa"
the ultimate fighter: american top team vs. blackzilians finale,07-12-15,"las vegas, nevada, usa"
ufc 189: mendes vs mcgregor,07-11-15,"las vegas, nevada, usa"
ufc fight night: machida vs romero,06-27-15,"hollywood, florida, usa"
ufc fight night: jedrzejczyk vs penne,06-20-15,"berlin, berlin, germany"
ufc 188: velasquez vs werdum,06-13-15,"mexico city, distrito federal, mexico"
ufc fight night: boetsch vs henderson,06-06-15,"new orleans, louisiana, usa"
ufc fight night: condit vs alves,05-30-15,"goiania, goias, brazil"
ufc 187: johnson vs cormier,05-23-15,"las vegas, nevada, usa"
ufc fight night: edgar vs faber,05-16-15,"manila, philippines"
ufc fight night: miocic vs hunt,05-09-15,"adelaide, south australia, australia"
ufc 186: johnson vs horiguchi,04-25-15,"montreal, quebec, canada"
ufc on fox: machida vs rockhold,04-18-15,"newark, new jersey, usa"
ufc fight night: gonzaga vs cro cop 2,04-11-15,"krakow, poland"
ufc fight night: mendes vs lamas,04-04-15,"fairfax, virginia, usa"
ufc fight night: maia vs laflare,03-21-15,"rio de janeiro, brazil"
ufc 185: pettis vs dos anjos,03-14-15,"dallas, texas, usa"
ufc 184: rousey vs zingano,02-28-15,"los angeles, california, usa"
ufc fight night: bigfoot vs mir,02-22-15,"porto alegre, rio grande do sul, brazil"
ufc fight night: henderson vs thatch,02-14-15,"broomfield, colorado, usa"
ufc 183: silva vs diaz,01-31-15,"las vegas, nevada, usa"
ufc on fox: gustafsson vs johnson,01-24-15,"stockholm, sweden"
ufc fight night: mcgregor vs siver,01-18-15,"boston, massachusetts, usa"
ufc 182: jones vs cormier,01-03-15,"las vegas, nevada, usa"
ufc fight night: machida vs dollaway,12-20-14,"barueri, sao paulo, brazil"
ufc on fox: dos santos vs miocic,12-13-14,"phoenix, arizona, usa"
the ultimate fighter: a champion will be crowned finale,12-12-14,"las vegas, nevada, usa"
ufc 181: hendricks vs lawler ii,12-06-14,"las vegas, nevada, usa"
ufc fight night: edgar vs swanson,11-22-14,"austin, texas, usa"
ufc 180: werdum vs hunt,11-15-14,"mexico city, distrito federal, mexico"
ufc fight night 56: shogun vs saint preux,11-08-14,"uberlandia, minas gerais, brazil"
ufc fight night: rockhold vs bisping,11-07-14,"sydney, new south wales, australia"
ufc 179: aldo vs mendes 2,10-25-14,"rio de janeiro, brazil"
ufc fight night: macdonald vs saffiedine,10-04-14,"halifax, nova scotia, canada"
ufc fight night: nelson vs story,10-04-14,"stockholm, sweden"
ufc 178: johnson vs cariaso,09-27-14,"las vegas, nevada, usa"
ufc fight night: hunt vs nelson,09-20-14,"saitama, japan"
ufc fight night: bigfoot vs arlovski,09-13-14,"brasilia, distrito federal, brazil"
ufc fight night: jacare vs mousasi,09-05-14,"ledyard, connecticut, usa"
ufc 177: dillashaw vs soto,08-30-14,"sacramento, california, usa"
ufc fight night: henderson vs dos anjos,08-23-14,"tulsa, oklahoma, usa"
ufc fight night: bisping vs le,08-23-14,"macau, china"
ufc fight night: bader vs saint preux,08-16-14,"bangor, maine, usa"
ufc on fox: lawler vs brown,07-26-14,"san jose, california, usa"
ufc fight night: mcgregor vs brandao,07-19-14,"dublin, leinster, ireland"
ufc fight night: cowboy vs miller,07-16-14,"atlantic city, new jersey, usa"
the ultimate fighter: team edgar vs. team penn finale,07-06-14,"las vegas, nevada, usa"
ufc 175: weidman vs machida,07-05-14,"las vegas, nevada, usa"
ufc fight night: swanson vs stephens,06-28-14,"san antonio, texas, usa"
ufc fight night: te huna vs marquardt,06-28-14,"auckland, new zealand"
ufc 174: johnson vs bagautinov,06-14-14,"vancouver, british columbia, canada"
ufc fight night: henderson vs khabilov,06-07-14,"albuquerque, new mexico, usa"
ufc fight night: miocic vs maldonado,05-31-14,"sao paulo, brazil"
ufc fight night: munoz vs mousasi,05-31-14,"berlin, germany"
ufc 173: barao vs dillashaw,05-24-14,"las vegas, nevada, usa"
ufc fight night: brown vs silva,05-10-14,"cincinnati, ohio, usa"
ufc 172: jones vs teixeira,04-26-14,"baltimore, maryland, usa"
ufc on fox: werdum vs browne,04-19-14,"orlando, florida, usa"
ufc fight night: bisping vs kennedy,04-16-14,"quebec city, quebec, canada"
ufc fight night: minotauro vs nelson,04-11-14,"abu dhabi, united arab emirates"
ufc fight night: shogun vs henderson 2,03-23-14,"natal, rio grande do norte, brazil"
ufc 171: hendricks vs lawler,03-15-14,"dallas, texas, usa"
ufc fight night: gustafsson vs manuwa,03-08-14,"london, england, united kingdom"
ufc fight night: kim vs hathaway,03-01-14,"macau, china"
ufc 170: rousey vs mcmann,02-22-14,"las vegas, nevada, usa"
ufc fight night: machida vs mousasi,02-15-14,"jaragua do sul, santa catarina, brazil"
ufc 169: barao vs faber 2,02-01-14,"newark, new jersey, usa"
ufc on fox: henderson vs thomson,01-25-14,"chicago, illinois, usa"
ufc fight night: rockhold vs philippou,01-15-14,"duluth, georgia, usa"
ufc fight night: saffiedine vs lim,01-04-14,"singapore, singapore"
ufc 168: weidman vs silva 2,12-28-13,"las vegas, nevada, usa"
ufc on fox: johnson vs. benavidez 2,12-14-13,"sacramento, california, usa"
ufc fight night: hunt vs bigfoot,12-06-13,"brisbane, queensland, australia"
the ultimate fighter: team rousey vs. team tate finale,11-30-13,"las vegas, nevada, usa"
ufc 167: st-pierre vs hendricks,11-16-13,"las vegas, nevada, usa"
ufc fight night: belfort vs henderson 2,11-09-13,"goiania, goias, brazil"
ufc fight night: fight for the troops 3,11-06-13,"fort campbell, kentucky, usa"
ufc fight night: machida vs munoz,10-26-13,"manchester, england, united kingdom"
ufc 166: velasquez vs dos santos 3,10-19-13,"houston, texas, usa"
ufc fight night: maia vs shields,10-09-13,"barueri, sao paulo, brazil"
ufc 165: jones vs gustafsson,09-21-13,"toronto, ontario, canada"
ufc fight night: teixeira vs bader,09-04-13,"belo horizonte, minas gerais, brazil"
ufc 164: henderson vs pettis 2,08-31-13,"milwaukee, wisconsin, usa"
ufc fight night: condit vs kampmann 2,08-28-13,"indianapolis, indiana, usa"
ufc fight night: shogun vs sonnen,08-17-13,"boston, massachusetts, usa"
ufc 163: aldo vs jung,08-03-13,"rio de janeiro, brazil"
ufc on fox: johnson vs moraga,07-27-13,"seattle, washington, usa"
ufc 162: silva vs weidman,07-06-13,"las vegas, nevada, usa"
ufc 161: evans vs henderson,06-15-13,"winnipeg, manitoba, canada"
ufc on fuel tv: nogueira vs. werdum,06-08-13,"fortaleza, ceara, brazil"
ufc 160: velasquez vs silva 2,05-25-13,"las vegas, nevada, usa"
ufc on fx: belfort vs. rockhold,05-18-13,"jaragua do sul, santa catarina, brazil"
ufc 159: jones vs sonnen,04-27-13,"newark, new jersey, usa"
ufc on fox: henderson vs melendez,04-20-13,"san jose, california, usa"
the ultimate fighter: team jones vs. team sonnen finale,04-13-13,"las vegas, nevada, usa"
ufc on fuel tv: mousasi vs latifi,04-06-13,"stockholm, sweden"
ufc 158: st-pierre vs diaz,03-16-13,"montreal, quebec, canada"
ufc on fuel tv: silva vs. stann,03-02-13,"saitama, japan"
ufc 157: rousey vs carmouche,02-23-13,"anaheim, california, usa"
ufc on fuel tv: barao vs mcdonald,02-16-13,"london, england, united kingdom"
ufc 156: aldo vs edgar,02-02-13,"las vegas, nevada, usa"
ufc on fox: johnson vs dodson,01-26-13,"chicago, illinois, usa"
ufc on fx: belfort vs bisping,01-19-13,"sao paulo, brazil"
ufc 155: dos santos vs velasquez ii,12-29-12,"las vegas, nevada, usa"
the ultimate fighter: team carwin vs. team nelson finale,12-15-12,"las vegas, nevada, usa"
ufc on fx: sotiropoulos vs pearson,12-14-12,"gold coast, queensland, australia"
ufc on fox: henderson vs diaz,12-08-12,"seattle, washington, usa"
ufc 154: st-pierre vs condit,11-17-12,"montreal, quebec, canada"
ufc macao: franklin vs le,11-10-12,"macau, china"
ufc 153: silva vs bonnar,10-13-12,"rio de janeiro, brazil"
ufc on fx: browne vs bigfoot,10-05-12,"minneapolis, minnesota, usa"
ufc on fuel tv: struve vs miocic,09-29-12,"nottingham, england, united kingdom"
ufc 152: jones vs belfort,09-22-12,"toronto, ontario, canada"
ufc 150: henderson vs edgar ii,08-11-12,"denver, colorado, usa"
ufc on fox: shogun vs vera,08-04-12,"los angeles, california, usa"
ufc 149: faber vs barao,07-21-12,"calgary, alberta, canada"
ufc on fuel tv: munoz vs weidman,07-11-12,"san jose, california, usa"
ufc 148: silva vs sonnen 2,07-07-12,"las vegas, nevada, usa"
ufc 147: silva vs franklin 2,06-23-12,"belo horizonte, minas gerais, brazil"
ufc on fx: maynard vs guida,06-22-12,"atlantic city, new jersey, usa"
ufc on fx: johnson vs mccall,06-08-12,"sunrise, florida, usa"
the ultimate fighter: live finale,06-01-12,"las vegas, nevada, usa"
ufc 146: dos santos vs mir,05-26-12,"las vegas, nevada, usa"
ufc on fuel tv: korean zombie vs poirier,05-15-12,"fairfax, virginia, usa"
ufc on fox: diaz vs miller,05-05-12,"east rutherford, new jersey, usa"
ufc 145: jones vs evans,04-21-12,"atlanta, georgia, usa"
ufc on fuel tv: gustafsson vs silva,04-14-12,"stockholm, sweden"
ufc on fx: alves vs kampmann,03-02-12,"sydney, new south wales, australia"
ufc 144: edgar vs henderson,02-25-12,"saitama, japan"
ufc on fuel tv: sanchez vs ellenberger,02-15-12,"omaha, nebraska, usa"
ufc 143: diaz vs condit,02-04-12,"las vegas, nevada, usa"
ufc on fox: evans vs davis,01-28-12,"chicago, illinois, usa"
ufc on fx: guillard vs miller,01-20-12,"nashville, tennessee, usa"
ufc 142: aldo vs mendes,01-14-12,"rio de janeiro, brazil"
ufc 141: lesnar vs overeem,12-30-11,"las vegas, nevada, usa"
ufc 140: jones vs machida,12-10-11,"toronto, ontario, canada"
the ultimate fighter: team bisping vs team miller finale,12-03-11,"las vegas, nevada, usa"
ufc 139: shogun vs henderson,11-19-11,"san jose, california, usa"
ufc on fox: velasquez vs dos santos,11-12-11,"anaheim, california, usa"
ufc 138: leben vs munoz,11-05-11,"birmingham, england, united kingdom"
ufc 137: penn vs diaz,10-29-11,"las vegas, nevada, usa"
ufc 136: edgar vs maynard 3,10-08-11,"houston, texas, usa"
ufc live: cruz vs johnson,10-01-11,"washington, dc, usa"
ufc 135: jones vs rampage,09-24-11,"denver, colorado, usa"
ufc fight night: shields vs ellenberger,09-17-11,"new orleans, louisiana, usa"
ufc 134: silva vs okami,08-27-11,"rio de janeiro, brazil"
ufc live: hardy vs lytle,08-14-11,"milwaukee, wisconsin, usa"
ufc 133: evans vs ortiz 2,08-06-11,"philadelphia, pennsylvania, usa"
ufc 132: cruz vs faber,07-02-11,"las vegas, nevada, usa"
ufc live: kongo vs barry,06-26-11,"pittsburgh, pennsylvania, usa"
ufc 131: dos santos vs carwin,06-11-11,"vancouver, british columbia, canada"
the ultimate fighter: team lesnar vs team dos santos finale,06-04-11,"las vegas, nevada, usa"
ufc 130: rampage vs hamill,05-28-11,"las vegas, nevada, usa"
ufc 129: st-pierre vs shields,04-30-11,"toronto, ontario, canada"
ufc fight night: nogueira vs davis,03-26-11,"seattle, washington, usa"
ufc 128: shogun vs jones,03-19-11,"newark, new jersey, usa"
ufc live: sanchez vs kampmann,03-03-11,"louisville, kentucky, usa"
ufc 127: penn vs fitch,02-26-11,"sydney, new south wales, australia"
ufc 126: silva vs belfort,02-05-11,"las vegas, nevada, usa"
ufc fight night: fight for the troops 2,01-22-11,"killeen, texas, usa"
ufc 125: resolution,01-01-11,"las vegas, nevada, usa"
ufc 124: st-pierre vs koscheck 2,12-11-10,"montreal, quebec, canada"
the ultimate fighter: team gsp vs team koscheck finale,12-04-10,"las vegas, nevada, usa"
ufc 123: rampage vs machida,11-20-10,"auburn hills, michigan, usa"
ufc 122: marquardt vs okami,11-13-10,"oberhausen, north rhine-westphalia, germany"
ufc 121: lesnar vs velasquez,10-23-10,"anaheim, california, usa"
ufc 120: bisping vs akiyama,10-16-10,"london, england, united kingdom"
ufc 119: mir vs cro cop,09-25-10,"indianapolis, indiana, usa"
ufc fight night: marquardt vs palhares,09-15-10,"austin, texas, usa"
ufc 118: edgar vs penn 2,08-28-10,"boston, massachusetts, usa"
ufc 117: silva vs sonnen,08-07-10,"oakland, california, usa"
ufc live: jones vs matyushenko,08-01-10,"san diego, california, usa"
ufc 116: lesnar vs carwin,07-03-10,"las vegas, nevada, usa"
the ultimate fighter: team liddell vs team ortiz finale,06-19-10,"las vegas, nevada, usa"
ufc 115: liddell vs franklin,06-12-10,"vancouver, british columbia, canada"
ufc 114: rampage vs evans,05-29-10,"las vegas, nevada, usa"
ufc 113: machida vs shogun 2,05-08-10,"montreal, quebec, canada"
ufc 112: invincible,04-10-10,"abu dhabi, united arab emirates"
ufc fight night: florian vs gomi,03-31-10,"charlotte, north carolina, usa"
ufc 111: st-pierre vs hardy,03-27-10,"newark, new jersey, usa"
ufc live: vera vs jones,03-21-10,"broomfield, colorado, usa"
ufc 110: nogueira vs velasquez,02-20-10,"sydney, new south wales, australia"
ufc 109: relentless,02-06-10,"las vegas, nevada, usa"
ufc fight night: maynard vs diaz,01-11-10,"fairfax, virginia, usa"
ufc 108: evans vs silva,01-02-10,"las vegas, nevada, usa"
ufc 107: penn vs sanchez,12-12-09,"memphis, tennessee, usa"
the ultimate fighter: heavyweights finale,12-05-09,"las vegas, nevada, usa"
ufc 106: ortiz vs griffin 2,11-21-09,"las vegas, nevada, usa"
ufc 105: couture vs vera,11-14-09,"manchester, england, united kingdom"
ufc 104: machida vs shogun,10-24-09,"los angeles, california, usa"
ufc 103: franklin vs belfort,09-19-09,"dallas, texas, usa"
ufc fight night: diaz vs guillard,09-16-09,"oklahoma city, oklahoma, usa"
ufc 102: couture vs nogueira,08-29-09,"portland, oregon, usa"
ufc 101: declaration,08-08-09,"philadelphia, pennsylvania, usa"
ufc 100,07-11-09,"las vegas, nevada, usa"
the ultimate fighter: united states vs. united kingdom finale,06-20-09,"las vegas, nevada, usa"
ufc 99: the comeback,06-13-09,"cologne, north rhine-westphalia, germany"
ufc 98: evans vs machida,05-23-09,"las vegas, nevada, usa"
ufc 97: redemption,04-18-09,"montreal, quebec, canada"
ufc fight night: condit vs kampmann,04-01-09,"nashville, tennessee, usa"
ufc 96: jackson vs jardine,03-07-09,"columbus, ohio, usa"
ufc 95: sanchez vs stevenson,02-21-09,"london, england, united kingdom"
ufc fight night: lauzon vs stephens,02-07-09,"tampa, florida, usa"
ufc 94: st-pierre vs penn 2,01-31-09,"las vegas, nevada, usa"
ufc 93: franklin vs henderson,01-17-09,"dublin, leinster, ireland"
ufc 92: the ultimate 2008,12-27-08,"las vegas, nevada, usa"
the ultimate fighter: team nogueira vs. team mir finale,12-13-08,"las vegas, nevada, usa"
ufc fight night - fight for the troops,12-10-08,"fayetteville, north carolina, usa"
ufc 91: couture vs lesnar,11-15-08,"las vegas, nevada, usa"
ufc 90: silva vs cote,10-25-08,"rosemont, illinois, usa"
ufc 89: bisping vs leben,10-18-08,"birmingham, england, united kingdom"
ufc fight night: diaz vs neer,09-17-08,"omaha, nebraska, usa"
ufc 88: breakthrough,09-06-08,"atlanta, georgia, usa"
ufc 87: seek and destroy,08-09-08,"minneapolis, minnesota, usa"
ufc: silva vs irvin,07-19-08,"las vegas, nevada, usa"
ufc 86: jackson vs griffin,07-05-08,"las vegas, nevada, usa"
the ultimate fighter: team rampage vs team forrest finale,06-21-08,"las vegas, nevada, usa"
ufc 85: bedlam,06-07-08,"london, england, united kingdom"
ufc 84: ill will,05-24-08,"las vegas, nevada, usa"
ufc 83: serra vs st-pierre 2,04-19-08,"montreal, quebec, canada"
ufc fight night: florian vs lauzon,04-02-08,"broomfield, colorado, usa"
ufc 82: pride of a champion,03-01-08,"columbus, ohio, usa"
ufc 81: breaking point,02-02-08,"las vegas, nevada, usa"
ufc fight night: swick vs burkman,01-23-08,"las vegas, nevada, usa"
ufc 80: rapid fire,01-19-08,"newcastle, england, united kingdom"
ufc 79: nemesis,12-29-07,"las vegas, nevada, usa"
the ultimate fighter: team hughes vs. team serra finale,12-08-07,"las vegas, nevada, usa"
ufc 78: validation,11-17-07,"newark, new jersey, usa"
ufc 77: hostile territory,10-20-07,"cincinnati, ohio, usa"
ufc 76: knockout,09-22-07,"anaheim, california, usa"
ufc fight night: thomas vs florian,09-19-07,"las vegas, nevada, usa"
ufc 75: champion vs champion,09-08-07,"london, england, united kingdom"
ufc 74: respect,08-25-07,"las vegas, nevada, usa"
ufc 73: stacked,07-07-07,"sacramento, california, usa"
the ultimate fighter: team pulver vs. team penn finale,06-23-07,"las vegas, nevada, usa"
ufc 72: victory,06-16-07,"belfast, northern ireland, united kingdom"
ufc fight night: stout vs fisher,06-12-07,"hollywood, florida, usa"
ufc 71: liddell vs jackson,05-26-07,"las vegas, nevada, usa"
ufc 70: nations collide,04-21-07,"manchester, england, united kingdom"
ufc 69: shootout,04-07-07,"houston, texas, usa"
ufc fight night: stevenson vs guillard,04-05-07,"las vegas, nevada, usa"
ufc 68: the uprising,03-03-07,"columbus, ohio, usa"
ufc 67: all or nothing,02-03-07,"las vegas, nevada, usa"
ufc fight night: evans vs salmon,01-25-07,"hollywood, florida, usa"
ufc 66: liddell vs ortiz 2,12-30-06,"las vegas, nevada, usa"
ufc fight night: sanchez vs riggs,12-13-06,"san diego, california, usa"
ufc 65: bad intentions,11-18-06,"sacramento, california, usa"
the ultimate fighter: the comeback finale,11-11-06,"las vegas, nevada, usa"
ufc 64: unstoppable,10-14-06,"las vegas, nevada, usa"
ortiz vs shamrock 3: the final chapter,10-10-06,"hollywood, florida, usa"
ufc 63: hughes vs penn,09-23-06,"anaheim, california, usa"
ufc 62: liddell vs sobral,08-26-06,"las vegas, nevada, usa"
ufc fight night 6,08-17-06,"las vegas, nevada, usa"
ufc 61: bitter rivals,07-08-06,"las vegas, nevada, usa"
ufc fight night 5,06-28-06,"las vegas, nevada, usa"
the ultimate fighter: team ortiz vs. team shamrock finale,06-24-06,"las vegas, nevada, usa"
ufc 60: hughes vs gracie,05-27-06,"los angeles, california, usa"
ufc 59: reality check,04-15-06,"anaheim, california, usa"
ufc fight night 4,04-06-06,"las vegas, nevada, usa"
ufc 58: usa vs canada,03-04-06,"las vegas, nevada, usa"
ufc 57: liddell vs couture 3,02-04-06,"las vegas, nevada, usa"
ufc fight night 3,01-16-06,"las vegas, nevada, usa"
ufc 56: full force,11-19-05,"las vegas, nevada, usa"
the ultimate fighter: team hughes vs. team franklin finale,11-05-05,"las vegas, nevada, usa"
ufc 55: fury,10-07-05,"uncasville, connecticut, usa"
ufc fight night 2,10-03-05,"las vegas, nevada, usa"
ufc 54: boiling point,08-20-05,"las vegas, nevada, usa"
ufc fight night 1,08-06-05,"las vegas, nevada, usa"
ufc 53: heavy hitters,06-04-05,"atlantic city, new jersey, usa"
ufc 52: couture vs liddell 2,04-16-05,"las vegas, nevada, usa"
the ultimate fighter: team couture vs. team liddell finale,04-09-05,"las vegas, nevada, usa"
ufc 51: super saturday,02-05-05,"las vegas, nevada, usa"
ufc 50: the war of '04,10-22-04,"atlantic city, new jersey, usa"
ufc 49: unfinished business,08-21-04,"las vegas, nevada, usa"
ufc 48: payback,06-19-04,"las vegas, nevada, usa"
ufc 47: it's on!,04-02-04,"las vegas, nevada, usa"
ufc 46: supernatural,01-31-04,"las vegas, nevada, usa"
ufc 45: revolution,11-21-03,"uncasville, connecticut, usa"
ufc 44: undisputed,09-26-03,"las vegas, nevada, usa"
ufc 43: meltdown,06-06-03,"las vegas, nevada, usa"
ufc 42: sudden impact,04-25-03,"miami, florida, usa"
ufc 41: onslaught,02-28-03,"atlantic city, new jersey, usa"
ufc 40: vendetta,11-22-02,"las vegas, nevada, usa"
ufc 39: the warriors return,09-27-02,"uncasville, connecticut, usa"
ufc 38: brawl at the hall,07-13-02,"london, england, united kingdom"
ufc 37.5: as real as it gets,06-22-02,"las vegas, nevada, usa"
ufc 37: high impact,05-10-02,"bossier city, louisiana, usa"
ufc 36: worlds collide,03-22-02,"las vegas, nevada, usa"
ufc 35: throwdown,01-11-02,"uncasville, connecticut, usa"
ufc 34: high voltage,11-02-01,"las vegas, nevada, usa"
ufc 33: victory in vegas,09-28-01,"las vegas, nevada, usa"
ufc 32: showdown in the meadowlands,06-29-01,"east rutherford, new jersey, usa"
ufc 31: locked and loaded,05-04-01,"atlantic city, new jersey, usa"
ufc 30: battle on the boardwalk,02-23-01,"atlantic city, new jersey, usa"
ufc 29: defense of the belts,12-16-00,"tokyo, japan"
ufc 28: high stakes,11-17-00,"atlantic city, new jersey, usa"
ufc 27: ultimate bad boyz,09-22-00,"new orleans, louisiana, usa"
ufc 26: ultimate field of dreams,06-09-00,"cedar rapids, iowa, usa"
ufc 25: ultimate japan 3,04-14-00,"tokyo, japan"
ufc 24: first defense,03-10-00,"lake charles, louisiana, usa"
ufc 23: ultimate japan 2,11-19-99,"chiba, japan"
ufc 22: only one can be champion,09-24-99,"lake charles, louisiana, usa"
ufc 21: return of the champions,07-16-99,"cedar rapids, iowa, usa"
ufc 20: battle for the gold,05-07-99,"birmingham, alabama, usa"
ufc 19: ultimate young guns,03-05-99,"bay st. louis, mississippi, usa"
ufc 18: the road to the heavyweight title,01-08-99,"new orleans, louisiana, usa"
ufc - ultimate brazil,10-16-98,"sao paulo, brazil"
ufc 17: redemption,05-15-98,"mobile, alabama, usa"
ufc 16: battle in the bayou,03-13-98,"new orleans, louisiana, usa"
ufc - ultimate japan,12-21-97,"yokohama, kanagawa, japan"
ufc 15: collision course,10-17-97,"bay st. louis, mississippi, usa"
ufc 14: showdown,07-27-97,"birmingham, alabama, usa"
ufc 13: the ultimate force,05-30-97,"augusta, georgia, usa"
ufc 12: judgement day,02-07-97,"dothan, alabama, usa"
ufc - ultimate ultimate '96,12-07-96,"birmingham, alabama, usa"
ufc 11: the proving ground,09-20-96,"augusta, georgia, usa"
ufc 10: the tournament,07-12-96,"birmingham, alabama, usa"
ufc 9: motor city madness,05-17-96,"detroit, michigan, usa"
ufc 8: david vs goliath,02-16-96,"san juan, puerto rico"
ufc - ultimate ultimate '95,12-16-95,"denver, colorado, usa"
ufc 7: the brawl in buffalo,09-08-95,"buffalo, new york, usa"
ufc 6: clash of the titans,07-14-95,"casper, wyoming, usa"
ufc 5: the return of the beast,04-07-95,"charlotte, north carolina, usa"
ufc 4: revenge of the warriors,12-16-94,"tulsa, oklahoma, usa"
ufc 3: the american dream,09-09-94,"charlotte, north carolina, usa"
ufc 2: no way out,03-11-94,"denver, colorado, usa"
